identifier,text
1185869,)what was the immediate impact of the success of the manhattan project?
1185868,"_________ justice is designed to repair the harm to victim, the community and the offender caused by the offender criminal act. question 19 options:"
597651,what color is amber urine
403613,is autoimmune hepatitis a bile acid synthesis disorder
1183785,elegxo meaning
312651,how much does an average person make for tutoring
80385,can you use a calculator on the compass test
645590,what does physical medicine do
645337,what does pending mean on listing
186154,feeding rice cereal how many times per day
457407,most dependable affordable cars
441383,lithophile definition
683408,what is a flail chest
1164799,what causes ear infection in adults
484187,put yourself on child support in texas
460668,mushrooms health benefits
666321,what happens in a wrist sprain
182487,example of culture &sensitivity results
564233,what are rhetorical topics
455279,mode of acquisition
208108,how beautiful on the mountain are the feet
733739,what is considered early fall
1164798,what causes elevated nitrate levels in aquariums
402608,is an independent contractor hired by a company entitled to the same non-compete as a normal employee
443797,lyme disease symptoms mood
662502,what forms the epineurium
1184679,an alpha helix is an example of which protein structure?
14562,aggregate demand curve
602162,what county is ackley iowa in
545059,"weather in medellin, colombia"
708236,what is adiabatic?
310130,how much does a lipid panel cost
693161,what is a nrr noise reduction rating mean
186617,fibroid symptoms after menopause
573027,what are the requirements for neurologist
1173772,meaning of ..bann..
541973,watts & browning engineers
273090,how long was jack denison dorothy dandridge married
441269,literal define
642237,what does lease to purchase on car mean?
503515,steering define
637443,what does fb mean on a ring
1164796,what causes elevation in ast (sgot)
749988,what is garlic used for
135841,definition of legal term injunctive relief
295446,how many seconds should check for breathing
653051,what does the term bar none mean
691147,what is a mini whoodle
410621,is frida kahlo mexican
1164795,what causes everything to taste sugary
598443,what color is venus planet
596451,what class lever is a nutcracker
651441,what does the name halima mean
452286,meds that can cause irregular heartbeat
308543,how much does a ballet dancer make
202126,highest enlisted marine female
114820,cyrillic alphabet definition
501778,spousal roth ira contribution after age 70
531029,typical retirement fers
651110,what does the name asia mean
594127,what cell type is responsible for producing current?
1164794,what causes excel file corruption
396032,infrax system
705580,what is a virtual interface
658203,what ethnicity is darren criss' mom?
387734,how was the esperanza fire started
655102,what does whistling dixie mean
224712,how does a bump key work
411732,is gwen stefani italian
1164793,what causes exhaust hanger to fail
605902,what county is fine ny in
581014,what can cause a metallic smell
559240,what are garlic supplements good for
608711,what county is lochbuie co in
535936,vde definition
130335,definition chemical
147535,difference between hep b and c
1164792,what causes extreme swelling in just one leg?
595576,what citation is used for outside sources
569308,what are the drugs used for moderate sedation
753706,what is hardie plank
627871,what does ISF mean fluid do
673608,what is a affidavit of support
510071,syracuse minor league baseball
113839,current fuel price in delhi
1164791,what causes eyelid itching and swelling
460953,myers-briggs personality test what do the letters stand for
685235,what is a good home remedy for hemorrhoids
650643,what does the last name spratt mean
1183784,element al
1164790,"what causes feelings of detachment from reality,"
96740,concrete walkway cost per square foot
26666,armistead meaning
490046,ross cameron age
485823,reasons why nuclear power is bad
635632,what does dealer invoice price mean
534505,use pi as wired vpn router
498612,singular noun definition for kids
85453,causes of back pain in female for a week
493122,savannah georgia average yearly weather
512836,temperature sorrento italy september
605764,what county is exeter nh
748182,what is fms medical term
725274,what is boot screening?
401461,is acre capitalized
499565,smoking patches how long should you be on them
641186,what does it mean when the bottom of your foot is really hot
468434,oliguric meaning
31086,average annual snowfall in jersey
480268,price for hardwood floor refinishing
742160,what is e. pluribus unum
305154,how much do club set bottles cost?
1164787,what causes film creasing during folding process
688661,what is a lease?
1173771,meaning of a discrete concept
535243,va choice provider phone number
477240,population nehalem or
321187,how much is a pint of patron
755409,what is home systems protection insurance
553140,what all is ferric gluconate used for
88585,causes of swollen ankles and feet
416278,is levaquin an antibiotic
652801,what does the sphinx represent
448861,meaning of obtunded
609117,"what county is marlboro, nj"
508975,symptoms of tularemia in rabbits
686474,what is a health unit coordinator
1164784,what causes flashes of light in your peripheral vision?
390443,ibm filenet discovery
342332,how to abbreviate degrees fahrenheit
396120,inherent legal definition
82631,carbs withdrawal signs and symptoms
430171,is turmeric curcumin
422799,is rosemary oil good for back pain?
564701,what are setbacks in zoning
677722,what is a cleric
659630,what files do dvd players read
396846,integrated dna technology
667478,what happens when waves hit a concave surface
165324,does dehydration cause sleep harder
118,(Metformin what is it and what does it do?)
531802,unconscious bias definition
457773,most expensive places in the world dublin
1164782,what causes fluid in the ears?
650692,what does the legal term demur mean?
622007,what do architectural drawings show
492528,salt water aquarium salinity
642101,what does lactose do
481431,prices for massages
296072,how many species go extinct in an average day
711452,what is an alias name
608452,"what county is lawton, ok"
476121,pluvious definition
451572,medicare prior authorization number for florida
170935,does restrictive lung disease cause sleep apnea
212020,how common is the name andrew?
756195,what is human trafficking
321944,how much is does it cost to insure a house
626785,what do you need to be certified in medical coding
398567,irs continuing education requirements
499488,smart procurement definition
522059,to_date function
617436,what degree  is ideal flag mount
17008,amnesty define
510363,talk stoop cat what happened to bulldog gracie
311755,how much does a teaching assistant earn
320624,how much is Welding school
520990,time hawaii
344949,how to become a class b cdl driver
670628,what includes in nursing general survey
620254,what did the nuremberg trials do explanation
561453,what are mangroves
716682,what is an open system server
306728,how much do pediatric nurse practioners make a year
448235,meaning of material requisition
696473,what is a prostate rub
476888,population brigham city utah
480096,price clips
511086,team uniform color schemes
1164777,what causes gall bladder infection
538223,volcano hawaii stats
173769,does vinegar help poison ivy
427099,is the pill nabumetone a narcotic
508811,symptoms of strep throat for an adult
391495,if i contribute to a roth ira is it taxable
576864,what are voles?
292137,how many people died at the battle of gettysburg
588376,what causes hair to break
1164776,what causes gall bladder infections?
1173770,meaning of a navigate
630360,what does a spider bute sore look like
406188,is china bigger than the united states
576138,what are trap cards
617804,what degree sunburn causes blisters
30619,average age of nhl teams
574110,what are the symptoms of a bad O2 sensor
574702,what are the three major groups of protists
316639,how much does it cost to replace a foundation of a house?
751529,what is glycohemoglobin
502248,stalactites definition
486399,redemption cast
708195,what is adh
116736,defense base act chubb
559956,what are hereditary traits
360382,how to freeze fresh beet greens
574325,what are the symptoms of scabies
1164772,what causes gout in ankles?
515331,the definition of the word civilization
418844,is mystique a hero or villain
290590,how many of methane is released by cows
726424,what is buprenorphine taken for?
1184764,derivation of roe name
433744,kahley meaning
671399,what instrument is used to measure humidity
651938,what does the name rin mean
746395,what is fascial stretch therapy
280775,how many days are in a school year in texas
437723,lasagna meaning
545859,weather in santorini in august
742685,what is eden lake
591348,what causes rust on iron
697504,what is a receptionist
24388,are poppies grown from seed or bulb
596155,what city is sjo in costa rica
707182,what is abstract noun for rich
649051,what does tax mean
759231,what is inhibitors
1183782,anthracite highest
468728,on what date is the solar eclipse this year
453298,miana name meaning
460001,"movie , how he invented things"
502926,stat means
661940,what foods to avoid if you have burning mouth syndrome
242169,how long can i stay in cambodia
675962,what is a butterfly needle
575787,what are three branches of government
459088,most quoted writer in english language
1164764,what causes headache at back of head and behind eyes
624575,what do rabbits eat in the wild
138829,definition of the word conjure
431504,is windows defender good enough
691516,what is a mood disorder
11653,adjustable mortgage loans definition
423287,is sclera a layer of the eye
1173769,8 days after conception symptoms
1164761,what causes heterochromia eyes and
583734,what cause chest pains
448621,meaning of name merin
608955,"what county is macungie, pa in"
744373,what is epidemiology pdf
287532,how many leadership characteristics
624752,what do scientists classify as a air masses according to
396288,inorganic nutrients definition
683242,what is a financier dessert
1164759,can threadworms cause appendicitis
189935,foods to avoid in gallbladder disease
690255,what is a mastic
593603,what causes white tongue coating
445857,masseter definition
193384,gas octane ratings
656174,what duration should you change your refrigerator water filter
395608,industry day navy
1164758,what causes hives and itching
449132,meaning of samoset
15252,alcohol disinfect
565659,what are some of the main causes of deforestation in amazon rainforest
482806,promulgates definition
705802,what is a vulnerability scanner
663380,what generation is keflex
1174666,is waiver of subrogation on gl or property
252674,how long does it take epoxy floor to cure
541895,waterloo war
441367,liters measures what
512638,temperature of meatloaf when it's done
616319,what date is jefferson tx mardi gras
308679,how much does a brachioplasty cost
500192,soleil meaning
5202,NAD / NADH definition
610542,what county is nyc
465276,normal body temperature range for toddlers
639751,what does interossei mean
747871,what is flight time from newark to heathrow
741934,what is dyeing
413103,is intellectual property tangible
593717,what causes you aortic artery to get plaque build up
592050,what causes stinging pain
685380,what is a good profit margin ratio
71865,can not enough sleep make adhd
684440,what is a gdb file gis
138729,definition of the calculus
634747,what does col mean for a source document
575732,what are they building by wow factory
612478,what county is scottsboro alabama
426221,is the endoplasmic reticulum eukaryotic or prokaryotic
674833,what is a bismarck donut
215545,how did the tet offensive damage american morale?
600133,what conference is the u of connecticut in
1183781,elements that exist as molecule
219912,how do otters mate?
707196,what is abwehr
724592,what is blains
495625,shed tear meaning
675176,what is a boiler room scam
748701,what is formica
455980,mood definition literature
1164749,what causes ice to be blue
641438,what does it mean when your ear is popping
684298,what is a galena
644111,what does nemorosa mean
754337,what is hecate
330982,how much would it cost to order things from lush uk to usa
452366,meijer pharmacy hours of operation
711476,what is an allele?
661860,what foods sare complex carbohydrates
478196,population of searcy arkansas
592008,what causes squeaky sound when you turn this steering wheel with all the way?
165453,does diclofenac need prescription
443458,lucentis injections cost
695106,what is a platysma
474783,phone number for verizon wireless bill pay
1164746,what causes inflammation arthritis
55048,bobbles meaning
385458,how to use nicotine patches to quit smoking
548479,westcave preserve
499812,social security benefits working before full retirement age
15408,alessandro manfredini how old is he
422167,is radon gas a hoax
457348,most dangerous sharks
754130,what is health benefits of coconut water
1164745,what causes inflammation in foot
117664,define and example of a grant-in-aid
753352,what is half life
435356,laggard meaning
445911,mastoid infection symptoms
476407,polar customer service phone number
121365,define fable in literature
412886,is ilovemakonnen ovo
510172,t rowe price contact phone number
1164744,what causes itching dry skin
523140,towing weight definition
13315,age limit to drive for haul
657061,what elevates glucose
603130,"what county is bethlehem, pa"
589631,what causes lower back pain and cramping
81707,cancers that cause death
730829,what is cism team
1164743,what causes itching during exercise
618583,what did a sculpture do in ancient india
399731,is a crabapple tree deciduous
613644,what county is thermal california in
623325,what do heterotopias appear on imaging
575269,what are the two vertical muscles behind the knee
653151,what does the term presidential democracy mean?
1164742,what causes itching from a yeast infection
735199,what is cost of automatic transmission service
18970,another term meaning executor of estate
557583,what are dental implants dentures
728984,what is cellular respiration in biology
403058,is apoquel safe for dogs
572255,what are the palatines
735744,what is creatinine blood test
447671,meaning of drill in english
49432,bear tracks cabin in pigeon forge tn
610634,what county is ocoee tn in?
636587,what does ecosexual mean
79048,can you propagate orchids
601958,what county in amarillo in'
213201,how did david ruffin die
684329,what is a gamekeeper
289167,how many miles to the gallon does a buick verano  have
1183780,elements that from austenite
1164740,what causes jock itch fungus
411572,is greece the same as greek
395288,independent living for seniors in owasso ok
45348,average temperature in paris france
592967,what causes tire vibration
386034,how to waive resort fee
438666,lee's sandwich vegetarian calories
407016,is conduit raceway
614703,"what county is wilmington, delaware in"
504875,subq emphysema causes
6811,What Is Being
1164739,what causes kidneys to leak protein
490998,sack of potatoes price
247230,how long do you bake thin pork chops in the oven
431784,is yellow mucus from nose an infection
591492,what causes severe low back pain when blood work and ct scan comes back normal
492479,salmon cooked with cream
440856,list of gift cards sold at costco
447830,meaning of flag don't tread on me?
569593,what are the enzymes that catalyze the synthesis of new DNA called
154289,dividends vs stock price
557644,what are diagnostic reports
661106,what foods are the best to eat for leg cramps
185266,fastest browser for wix editor
710271,what is american style kobe beef
495054,serpentine stone meaning
1173767,benefit of rice water for hair
709018,what is air flow meter
515427,the difference between absorption and assimilation
1164737,what causes knuckle pads
574996,what are the trees in the northwest are moss covered
221711,how do you cure loss of voice
261678,how long has donald trump been in office
709162,"what is akamai technologies, inc"
612024,"what county is rochester, wa"
1164736,what causes lava to erupt as pyroclasts
597443,what color do the liatris come in
606851,what county is hagerstown in in
448166,meaning of lincoln
37504,average household income phoenix
738470,what is demountable partitions
310290,how much does a mclaren cost
553949,what antibiotic eye drops are prescribed after cataract surgery
428555,is there a such thing as organic seeds
442860,longest war us has fought in
523281,toyota sienna prices paid
581306,what can cause kidney numbers to be slightly elevated
576539,what are ukuleles
447937,meaning of heart
276450,how many calories does a crispy chicken sandwich have
710991,what is an activity report
480298,price for neck lift
596897,what code is used for false positive
23937,are nurse practitioner scope of practice and privileges the same thing?
649867,what does the communicating artery in the brain do
711556,what is an alternative software package to microsoft publisher
449147,meaning of score
1164733,what causes leprosy?
484785,r&d acronym definition
385698,how to use the callaway scoring system
699911,what is a siamese persian mix cat
134627,definition of faun
624097,what do neurotransmitters attach to
543762,weather in charleston sc in march
470449,other hot flashes causes
508527,symptoms of pyelonephritis in adults
495126,sestina definition
458121,most important decades in physics
741772,what is duoderm used for
414496,is it safe for dogs to eat bananas
520945,time for scab to fall off
587473,what causes effusion/hemarthrosis
101453,cost for surrogate
718690,what is antifa mean
563293,what are pinocytosis
511889,temperature for seattle in april
483949,punisher skull with american flag meaning
469757,ordinate axis definition
532152,uneven chest color
121474,define fi$cal
403810,is bait and switch illegal
735486,what is cowardin classification system
514688,the cells of the immune system include four types of what
216639,how do cats feel other cat's heart beats?
634235,what does cetirizine hydrochloride do
577404,what area is la metro
228668,how does weight affect speed of a car
686791,what is a hexenbiest
699971,what is a signature medallion?
445089,manheim index definition
729120,what is ceo
1164725,what causes liver and spleen swelling
280515,how many cups raw rice to cooked rice
584878,what causes a scar?
624360,what do people use gold for?
408938,is dwi a traffic violation
153580,distance from las vegas to hoover dam
568535,what are the correct colors of the solar system planets
487682,replacing a deck cost
1164724,what causes liver enzymes to go up
612170,what county is roy wa in
124961,define palingenesis
374612,how to raise crickets
618540,what diameter should a ground rod
430318,is udc aba accredited
620568,what did walt disney die
1173766,meaning of abbreviation dtf
667985,what harvoni
601987,what county in florida is destin located
276042,how many calories are in air popped popcorn
757003,what is icc
483746,ptcb exam score to pass
325993,how much pay riding coach
736493,what is cubicin antibiotic for
603520,what county is brighton co
656030,what drugs are used for conscious sedation
665144,what happened to design on a dime stars
1164722,what causes liver enzymes to go up?
416098,is laxative harmful to dogs
634365,what does chimes mean
70228,can ibs cause various pain areas
546584,weather myrtle be
1164721,what causes loss of hair in women
544357,"weather in granite falls, wa"
654573,what does usb cord do
598046,what color is march stone
614234,what county is walnut creek
529320,types of polynomial with definition
289051,how many miles is yosemite from san jose california
332622,how often to change porsche boxster oil
272115,how long to simmer chicken breast strips for soup
318209,how much does soapstone cost
575693,what are thebenifits of clove
497067,should you rinse after mouthwash
519307,the unit of measurement used by nutritionists to describe the energy content of food is the
599617,what company owns bosch tools
700838,what is a spark plug electrode
751663,what is gobo lighting
491271,salaries of illinois state legislators
1164719,what causes low water pressure in the kitchen
642276,what does lego symbolise
427705,is the vampire bats mammals
612757,what county is silver spring in
713518,what is an emulsion
643669,what does mosquito squad spray
677853,what is a cloze test
449951,meaning of the name louvenia
599225,what comes out of an eye when you cry
644299,what does no provision mean?
339438,how soon can i submit my pfl claim
711391,what is an airplane ride like?
613131,"what county is st paul, indiana"
1164717,what causes men to leak urine in old age
52216,best type of sand to level before turfing
140670,deloitte federal consultant salary
671768,what irregular heart rhythms can you feel
629699,what does a nuclear stress test show
630158,what does a restaurant concept mean
645588,what does physical education promote?
733774,what is considered first time home buyer
133098,definition of caught
287144,how many kilojoules per day teenager
2500,Chris Tomlin daughter
1183778,elevators meaning
93889,coal miner's daughter cast
163844,does bj's accept food stamps
112716,crevice define
642081,what does laches mean in legal terms
614942,what county is yucaipa california in
702173,what is a summary synthesis
741900,what is dvr service
399407,is a bachelors a graduate program?
602237,what county is albertville in
587547,what causes enlarged liver
393087,important names in the civil rights movement
614226,what county is wallace idaho in
385794,how to use viagra?
654757,what does very insightful mean
627848,what does HEP equiped mean?
684083,what is a fugue
735646,what is crackling bread
488165,research methodology definition
1173765,meaning of abbreviation poc
694128,what is a pediatric doctor
463892,new retail definition
543110,weather forecast islamabad in celsius
1164713,can unopened lantus insulin be stored at room temperature?
107055,cost of sirius xm
650899,what does the nAME Evelyn mean
736973,what is cvs software
369518,how to make pre workout
685854,what is a gri
396424,inspected definition
1164712,what causes mouth blisters inside
516558,the kansas city star subscription
504412,stripe how many days before payment
558936,what are foam play mats made of
467090,number swipe puzzle grid
742414,what is ecg for?
531189,u of a elementary education transfer requirements
1164711,what causes muscle low stamina
433601,juneteenth holiday
443892,lymphoma start symptoms
526495,types of benign brain tumors
489571,roatan honduras average temperature in december
634512,what does civil liberties protect
435183,labor cost to install tile shower
681529,what is a disease that affects the legs
413930,is it legal for my landlord to enter my apartment without my permission
499265,slavery history definition
687733,what is a jaguars predator
1164709,what causes nausea and hot flashes
389184,http definition computer
740464,what is dmdd
459067,most products are in decline stage of product lifestyle
441889,london time india time
512345,temperature in san francisco in january
137796,definition of resource management
1164708,what causes nausea while eating
545663,weather in punta cana in nov
728967,what is celluclay
686980,what is a home study done by child lawyer
457962,most favorite women to win wimbledon
656232,what ear waxing
98709,convert meters to kilometers ratio
662874,what functional group is cyclohexene
396955,interagency committee defined
31928,"average commute time in longmont, co"
596601,what classes in college do i take for sports medicine
727631,what is captive insurance
525651,turning point literary term definition
524839,triton benefits
154864,do all seed plants have vascular tissue and produce seeds
564795,what are side effects of melatonin pills
1164706,can va compensation be suspended if incarcerated?
669148,what hogwarts house was newt scamander
184048,explain why some economists are against a target of zero inflation
400840,is a rotisserie chicken healthy
721061,what is author royalty kindle unlimited
582984,what can you use to wear baby in water
758492,what is incisura
458594,most popular creole dish
184674,facts on why alcohol should be banned
729613,what is charge of the goddess
24289,are pineapples anti inflammatory
1164705,what causes nighttime leg c
746789,what is feldspar used for
581533,what can cause tooth pain
396563,institute for physician wellness cme
655160,what does wifi hotspot mean
393874,in what country can you find the most volcanoes
434802,kohl's charge customer service number
1164704,what causes non alcoholic fatty liver
122232,define heritage culture
223385,how do you play oklahoma gin
746880,what is fennel seed?
1173764,meaning of acquitted
688363,what is a lady bird deed texas
251846,how long does frozen shrimp stay good
416665,is longmire returning for another season
520164,three types of anthrax infection
428365,is there a natural muscle relaxer
1164703,what causes occasional black stools
665391,what happened when alexander the great died
737115,what is cyrene
643162,what does medical abbreviation ams stand for
15116,alan saporta the best way to escape from a problem is to solve it
663605,what genre is scarface
754126,what is health advocate
290872,how many ounce in a bottle of wine
1164702,what causes occipital migraine
102222,cost of a vasectomy
735510,what is cpap for?
469986,origin and meaning of the name cassandra
613280,what county is stokesdale in?
449393,meaning of the arabic name ihab
599114,what colour is pottery
1164701,can valerie by a male name
571673,what are the modern methods presidents use to influence the policy making process
614202,what county is wainscott ny in
646727,what does rdw mean in a blood test result
134744,definition of fluency
609486,what county is mikado mi in
519297,the ubermensch definition
299873,how many weeks is a term baby
1164700,what causes odor in clothes
560136,what are human rights
744886,what is esplost
532472,united technologies stock price
47283,average weight for teen
452108,medications that cause respiratory depression
570962,what are the layers of the atmosphere?
74743,can titanium eyeglass frames be repaired
442909,longitudinal axis definition
586715,what causes condensation on double glazing windows
533264,urine chemical screening definition
404264,is bile duct cancer hereditary
457416,most desired watches
396012,infrared radiation definition physics
123612,define majority party leader
452484,meloxicam is for what
753808,what is hata
646752,what does rebellion mean
463521,netops definition
349485,how to check for occult blood in stool
209441,how big is the moon
502658,star wars was the name given to which reagan effort?
134574,definition of extrinsic motivation
582460,what can u do to a solution to make it more concentrated
573198,what are the risks associated with the use of nuclear energy
399614,is a citation in lieu of arrest considered an arrest?
512028,temperature in cocoa beach
509581,synonym for occur
724120,what is biofield
189618,foods that increase thinning of blood
548882,what  is cipta
419154,is neuropsychology a subspecialty
584788,what causes a person to get so sleepy after eating
262345,"how long is a flight from miami, fl to seoul, south korea?"
543336,weather in august in ireland
638530,what does grudges mean
1164695,what causes organ to become enlarged
5048,Megan- name meaning- what does my name mean
704144,what is a travelers cheque
472484,payment due date meaning
727428,what is cannon fodder
1164694,what causes outgassing?
490734,rummage meaning
733932,what is considered low for blood pressure
753458,what is hammock
723396,what is bergamot flavoring
627573,what does ./path means
279610,how many cities in the us?
302360,how much are standard braces
151130,different versions of windows server
746079,what is facets
470036,origin of name burns
564559,what are scriptlets
573413,what are the seven common rock forming minerals
1164692,what causes pain in my chest when i cough
514870,the context the treaty of waitangi was signed
581208,what can cause elevated troponin levels
407412,is cream or cheese bad for constipation
204038,hof  meaning in german
231633,how far is manchester connecticut to nyc
21452,are capybaras dangerous
413786,is it hard to get a jewelry store credit card
704275,what is a trireme
426690,is the legal  age for betting in n.y.
735907,what is crimean
306274,how much do marine biologist make
271809,how long to reach steady state of drug?
739506,what is difference between p value and confidence interval
1164689,what causes pain in the legs?
599730,what component of blood contains antibodies
474932,"phone number us post office godfrey, il"
450662,meanings of polish surnames
550740,what age do girls get periods
569982,what are the four main components of the forebrain
76118,can you bring a kid to the oath ceremony
630528,what does a telemetry receiver do
588585,what causes heavy flem in the throat
490535,roy orbison how did he die
242206,how long can instagram videos go
603316,"what county is bon aqua,tn"
144366,did l ron hubbard practice black magic
184150,export autocomplete file outlook 2010 to csv
650883,what does the mucus plug mean in a pregnant person
75480,can water in the ear  cause a headache
575981,what are tire load range
753821,what is havrix vaccine
613974,what county is upland in in
509867,synonyms and antonyms of doze
250372,how long does a usual mlb baseball game last?
1164686,what causes pelvic prolapse
214743,how did temperance movement lead to prohibition
181093,epinephrine effects what cells
417336,is marijuana legal in france
735878,what is crest disease
1164685,what causes pleural plaques in both lungs
400791,is a reserve account considered as profit
181705,estimated cost of a home sprinkler system
412683,is hydrogen the most flammable gas on earth
645068,what does pacs stand for in radiology
470311,osha competent person definition
719003,what is apocalyptic language
218252,how do i get cigarette smell out of a car
550729,what age do dogs get vaccine
1164684,what causes potholes in gravel driveway
609542,what county is milroy pa
476796,pop art art definition
144059,did hillary give russia uranium
299131,how many units per ml insulin
487595,repair cost for VINYL flooring per square foot
533133,uranus conjunct saturn transit
719805,what is array out of bound exception in java
1164683,what causes power lacking in truck
626425,what do you do for guest services
584552,what causes a fever and rash on babies
1184678,diet to get rid of food allergies
709635,what is allocation accounting book
677776,what is a clinical nurse specialist scope of practice
423912,is skype best for business
755239,what is hmc code
667780,what happens when you stop smoking and start vaping
1164682,what causes pseudarthrosis
278124,how many calories should the average man eat
760311,what is involved in a business valuation
95746,common side effects of lexapro
412652,is hydrogen abundant on earth
720466,what is astronomy
699723,what is a shell company
1164680,what causes pulsing in your eye?
61922,can a blood thinner cause fluid to collect in the lungs?
445336,marginal cost of capital explained
411178,is glaucoma inherited
64719,can baby bunnies have strawberries
178738,effects of hydrogen combustion
511462,tell me symptoms of mesothelioma
560526,what are intranets
729517,what is challenging?.
635977,what does diocese mean
426703,is the liberty bell on display a replica?
92682,citi costco anywhere card benefits
308455,how much does a adjunct professor get paid
578221,what bacteria produce exotoxin
77087,can you dye polyester dress lighter color
741380,what is droning
420442,is parsley nutritious
399388,is a PFa block aerated
516030,the first asylum was founded in quizlet
760671,what is ireland government system
551947,what age to start adhd meds
407784,is dark brown stool normal
295557,how many sentences in a paragraph apa
601980,"what county in elmhurst, il"
252470,how long does it take after interview to know if citizenship is granted
219871,how do nursing homes get paid
593451,what causes water heater to overheat
548647,wevo distributor
295878,how many sizes do aviator sunglasses come in
546073,weather in st petersburg russia in august
1164673,can williams syndrome be detected
651052,what does the name alitza mean
151098,different types of working gloves
705100,what is a valley?
707323,what is access recovery charge centurylink
500781,south easton mass area code
603030,what county is belmont ca
1164672,what causes reye's syndrome in children
606333,what county is galveston texas in?
571330,what are the major characteristics of the dermis
416509,is liquid asphalt hazmat?
527888,types of gastric bypass pouch
1183774,elvis was born in what state?
1164671,what causes ringing in the ears home treatment
436437,largest fanuc robot
639976,what does ist mean
469923,organizational theory definition
516199,the general insurance quote number
227004,how does negative feedback control heart rate
670857,what industry is remodeling and roofing in?
651086,what does the name aparicio mean
441386,lithroscopy definition
678684,what is a computer wireshark
87278,causes of loose foul stools
147363,difference between full and widescreen
197586,guide to becoming an anesthesiologist
581917,what can i do with a degree in exercise science
466532,number of days in patient for a coronary bypass
115986,dead body in dream meaning
1164669,can wind power be used in canada
587773,what causes eyes to pop out
84285,cause of dry mouth
606868,"what county is halethorpe, md"
607886,what county is kansas city mo in
697001,what is a quantum dot
546075,weather in st. croix
733482,what is considered a rotator cuff
1164667,what causes rotten egg smell inside a house
330083,how much water do humans need to survive
736314,what is crystalline
639961,what does iso sensor mean
290973,how many ounces in a bottle of water
645657,what does pineapple tattoo symbolize
400551,is a pap smear necessary during pregnancy
530355,types of validity assessment
711079,what is an adhesive body bra
634990,what does consolidate debts mean
456510,most birds consume 50% of their weight
1164666,what causes sarcoidosis of the lungs
243321,how long can you lease a car
705423,what is a vertically integrated company
442662,longest rivers in japan
702662,what is a system tray?
530301,types of tyrosine kinase
244107,how long do american crows live in captivity
436036,largest byte size
490937,s scale model railroad definition
625624,what do tick bites look like on human skin
49498,beck's theory
287540,how many leave days earned in a month for navy
671661,what invention does gulliver describe to the king
396072,ingredients for amazing ribs pork rub
677572,what is a civil offense
592475,what causes tender very itchy scalp
682758,what is a facial skin firming agent
666453,what happens to a current in a circuit if the resistance is increased
41844,average salary counselor
523181,town of mountain wi
224956,how does a mortgage lender determine your property taxes
1164663,what causes severe constipation after eating dark chocolate
529456,types of punctuation marks
613823,what county is trinidad co in
410253,is flagstone a good material for pool waterfall
757882,what is in a quiche
144903,did rene angelil have a gambling problem
1480,5 ft 6 inches in cm
623981,what do mites eat
385318,how to use jetblue credit
719836,what is arroz con pollo
695822,what is a prefect
474542,phone number for booking customer service
232129,how far is rhodes from lindos beach
1164661,what causes slab sweating
124727,define one gigabyte
248762,how long do.yorkies live
604830,"what county is cuba, ny in"
556017,what are cancer days
1183773,ely police station phone number
1164660,what causes slipped disk in dogs neck
198783,harvard university teachers salary
687387,what is a hygrometer
382445,how to teach kids grit
651899,what does the name raiden mean
662261,what form is used to ask for parental custody of a minor child in florida
521321,time to charge capacitor in a flashlight
415237,is julianne hough married
1164659,what causes some beaches to be white
449828,meaning of the name jerubbaal
544857,weather in lisbon april
615290,what creates an agency
436538,largest global car companies
728788,what is cdr military
1164658,what causes someone to get a shaky hand
653717,what does the word usury mean
440476,liquid calcium magnesium citrate with vitamin d3
86935,causes of hypoxia in adults
541311,was/were established to settle disputes between the states.
470424,otc for allergic rhinitis
760246,what is inversion
444313,madelung disease symptoms
537417,virus that stays inactive and starts execute on a specific day or time
212283,how dangerous is a hippo
1173760,meaning of ade
1164657,what causes someone to have stinky belches
591339,what causes runner's knee
455779,monounsaturated definition biology
445059,mandibular fossa definition
251954,how long does group policy update take
185343,fastest growing bonsai trees
397028,interest rates types
455680,moniker synonym
693172,what is a nuc hive
154700,do I need to change my door lock after moving to a new home
474555,phone number for charbroil grills
481084,price per cubic foot of mulch
709172,what is akkadian
460717,must pay employee within certain amount of time after discharge
511105,tear gland inflammation medical term
644283,what does no fear mean
575556,what are the virulence factors of anthrax?
169588,does nexgard cause seizures
707885,what is acupuncture
444278,mad dog liquor cost
126139,define quintessential synonyms
588481,what causes head gaskets to go bad
756426,what is hydrocephalus.
688424,what is a lanfill
252460,how long does it take act scores to come in
122535,define idiosyncratic
594400,what changed after obra was passed
1164653,what causes st depression on ekg
510589,taryn meaning of name
451752,medication for gum disease
596408,what class is baclofen
149078,difference between us senator and congressman
1164652,what causes stock prices to drop
705002,what is a utility tractor
598156,what color is pepperdust
482853,pronounce name valeria
661783,what foods kill candida
432676,jaleel white net worth
95447,common causes of foot drop
9325,a middleman is a person who
395923,informal leadership
561444,what are mandalorians
663375,what generation is helioptile
612935,what county is southern pines in?
478153,population of rockville
725161,what is boltzmann constant
406419,is cipro and zyvox related
728301,what is cath lab short for
540215,was jeff goldblum in death wish the movie?
1183772,embeda er side effects
201517,hertz customer service salary
417107,is malaria caused by a fungus
102598,cost of attendance suny albany
642578,what does long term care mean
583908,what cause pain in left side back
506721,symptoms of a allergic reaction to food
495040,serotonin syndrome types of medication
406563,is clostridium tetani aerobic
488378,respiration is controlled by which part of the brain
51139,benefits of puzzle books
696239,what is a professional degree
593020,what causes tomato dry rot in tomatoes
291961,how many people attended woodstock
385217,how to use footnotes in a paper
612146,"what county is rossville, ga in?"
1164648,what causes t cell activation in ms
686298,what is a hangar
464672,nitrogen monoxide
83136,cashmax title loan
377371,how to reset number of plays in itunes
412152,is hepatocellular diseases of the liver cancer
455461,mold exposure symptoms does it cause coughing
554333,what are .gz files
80770,can you use peer reviewed article references
